75,59,92
94,0,38
12,27,55
22,93,50
12,98,6
57,72,22
31,28,56
63,71,6
22,17,50
16,89,84
88,50,32
63,83,96
8,57,97
48,46,48
75,62,60
37,40,2
21,95,13
11,26,75
12,5,56
33,39,10
79,92,46
97,69,75
41,73,41
6,34,68
66,54,87
20,29,47
64,63,88
71,54,42
50,47,72
52,39,78
88,75,97
6,76,85
64,64,3
49,5,73
20,75,7
78,59,89
95,82,55
78,100,17
3,8,79
82,36,47
26,31,26
0,78,47
53,69,16
76,78,87
21,38,24
10,91,94
22,50,80
13,21,2
81,66,97
52,17,75
29,37,31
96,38,88
60,22,43
31,28,46
4,99,3
72,96,98
57,33,4
95,71,62
81,89,60
98,82,40
51,70,60
41,20,77
91,7,57
28,43,1
72,49,71
89,28,43
73,99,80
16,98,92
88,95,59
78,5,54
65,16,69
71,26,37
45,83,72
59,99,72
96,66,71
83,50,11
80,18,95
22,55,2
46,7,45
30,95,66
59,94,38
60,76,48
1,36,43
12,71,64
53,77,46
11,82,69
84,45,34
18,34,37
48,93,42
67,38,87
14,37,74
65,80,54
11,1,93
91,22,51
61,59,31
70,46,100
30,49,42
16,36,21
10,38,16
14,62,31
62,35,20
62,2,74
10,82,57
29,91,75
98,63,55
52,89,60
60,14,13
41,83,84
42,75,99
70,56,17
59,71,73
65,98,77
12,14,70
52,3,96
65,66,26
68,49,51
89,63,54
17,76,5
23,79,67
43,38,48
42,26,70
10,99,62
42,1,64
10,92,25
84,15,47
25,23,35
100,19,62
72,87,20
24,13,17
35,89,49
77,64,33
82,52,65
82,98,27
24,36,40
4,76,40
89,44,28
67,42,4
70,49,34
73,41,10
70,43,11
73,73,31
21,94,99
32,87,81
59,91,32
9,86,95
12,99,31
100,96,23
8,28,39
70,86,98
73,54,98
43,90,81
66,27,94
0,13,61
77,57,99
87,14,60
50,65,69
87,22,25
99,38,43
41,3,0
89,20,44
1,14,55
13,0,23
6,50,85
61,93,3
35,58,97
80,80,86
26,6,39
30,45,46
27,69,61
74,64,62
56,64,68
56,81,8
21,30,63
67,67,26
66,8,76
100,54,3
20,26,59
52,34,72
0,41,32
3,7,52
58,54,93
77,50,32
58,27,50
49,77,64
31,13,51
14,94,95
93,68,31
23,36,26
76,24,37
14,37,11
38,77,42
5,74,6
61,40,86
97,81,49
52,40,31
46,31,86
63,55,72
46,19,56
92,29,69
53,74,80
26,12,19
96,49,41
67,48,23
34,16,68
88,11,72
88,73,73
10,14,13
91,20,25
3,52,28
83,95,14
56,98,45
58,51,4
33,50,27
23,73,40
29,67,7
17,89,49
90,85,100
60,81,57
93,86,48
91,43,100
79,70,75
3,78,53
59,65,38
12,28,33
71,53,3
69,6,86
53,35,97
14,75,20
86,24,25
85,78,96
67,13,47
42,54,58
98,82,73
48,69,95
72,72,52
19,41,5
70,68,66
72,11,88
35,35,18
19,100,99
91,8,29
52,79,19
43,47,90
75,14,82
4,54,67
99,61,29
99,24,36
99,79,61
53,91,84
52,35,41
50,60,83
18,39,46
98,39,80
13,92,46
55,38,50
83,12,7
62,3,79
93,55,42
84,41,86
47,55,43
13,17,7
3,30,34
59,97,63
30,55,65
43,19,87
16,49,14
6,16,58
22,77,44
38,19,74
31,37,88
19,56,92
12,82,20
91,21,76
0,19,70
40,71,44
64,63,43
44,88,74
69,49,80
70,17,73
43,70,19
47,40,51
74,32,34
61,29,13
65,94,65
82,16,25
78,44,26
6,73,31
76,1,20
89,8,96
64,54,91
46,58,52
65,7,78
37,37,25
22,19,91
41,9,50
80,0,93
4,4,70
72,97,95
66,4,69
29,83,6
9,38,13
69,98,78
21,18,8
65,44,92
4,50,26
68,79,28
92,39,96
31,96,74
88,2,97
9,91,5
37,19,69
8,48,75
3,63,50
32,23,30
94,75,2
35,13,11
70,33,58
21,18,44
18,99,37
87,21,22
66,72,41
88,45,69
87,48,77
88,12,76
99,76,54
35,71,73
89,87,10
98,97,77
41,44,39
49,38,33
7,62,95
94,76,33
6,98,67
15,68,96
49,38,76
76,32,64
34,79,40
66,55,66
36,13,93
73,100,61
30,79,5
65,76,14
35,28,83
85,96,92
26,47,25
29,37,9
10,75,10
19,86,56
57,19,34
1,21,25
93,20,14
86,85,48
48,23,9
29,34,6
19,29,95
25,20,81
49,4,33
72,90,85
86,64,94
65,65,82
42,7,82
67,44,30
84,38,27
19,27,27
13,59,82
21,44,77
100,44,20
34,56,54
71,56,54
63,44,19
1,21,92
43,88,95
39,16,70
32,3,38
94,17,83
87,49,30
79,14,56
41,81,29
3,44,74
100,31,74
9,11,53
90,20,65
25,22,74
72,94,28
50,3,87
38,82,5
53,38,16
67,37,36
99,80,49
84,14,10
88,27,88
51,33,43
23,46,64
29,72,3
31,90,36
79,92,14
37,86,91
81,99,45
6,57,14
77,39,53
83,21,40
91,79,60
41,96,39
62,80,49
44,12,47
16,4,36
43,79,39
88,34,32
28,52,75
79,80,38
97,92,61
21,66,43
77,84,69
26,17,48
8,74,75
58,82,6
4,8,91
17,34,9
85,99,26
34,62,89
12,80,73
12,41,41
33,94,50
8,38,77
31,57,28
15,29,42
58,33,38
47,65,74
62,36,86
60,93,53
53,29,70
88,39,97
89,4,64
86,79,78
18,23,92
63,94,61
5,57,41
95,80,73
20,95,95
79,23,37
14,29,70
46,37,65
16,14,34
84,82,88
68,24,78
12,54,63
41,32,75
84,99,9
93,34,81
83,46,1
72,2,82
13,16,47
94,41,34
52,27,32
98,39,46
22,0,63
2,25,95
36,27,78
88,4,70
73,82,12
23,100,36
65,14,71
70,1,19
33,44,3
44,9,40
59,89,50
35,20,81
92,76,86
98,73,65
41,44,3
45,5,19
77,0,7
31,26,18
82,59,41
46,78,43
75,75,15
24,47,7
82,85,0
71,44,53
49,7,23
86,94,69
54,35,58
74,88,30
30,92,69
92,54,65
57,27,63
71,50,89
32,78,98
67,19,91
8,75,60
45,87,43
66,3,97
39,98,64
86,31,3
58,32,7
65,57,6
14,100,46
4,95,37
69,35,69
12,5,13
81,10,87
95,44,67
4,36,27
31,75,21
34,98,65
69,38,34
3,3,21
78,43,56
96,55,1
41,88,98
33,90,7
79,36,99
80,68,59
48,91,22
9,62,46
6,73,61
56,68,12
19,94,43
68,70,87
24,73,84
45,71,38
43,60,20
49,3,7
77,80,1
99,32,83
81,98,76
65,88,76
33,38,15
55,36,59
82,59,98
80,88,50
65,62,7
80,70,87
98,25,38
95,94,5
1,56,74
10,39,35
69,60,78
12,5,3
16,36,53
49,58,55
29,61,18
31,42,3
66,88,39
97,91,36
3,1,83
90,60,5
1,80,78
64,51,72
29,17,82
25,93,70
89,13,36
37,61,13
18,44,15
98,80,62
7,45,99
84,39,19
46,27,46
70,85,38
75,20,14
69,35,51
66,7,68
63,36,20
19,100,86
72,9,22
86,47,25
75,88,4
54,31,15
74,64,22
80,96,36
75,70,29
74,4,75
34,35,80
61,27,95
19,63,21
27,86,92
0,3,77
85,79,60
10,19,17
33,94,22
55,26,85
7,5,51
19,13,16
76,87,73
9,52,13
63,13,47
10,17,48
21,27,96
17,22,92
95,3,100
48,13,91
26,35,78
33,64,97
84,62,62
15,80,84
82,69,80
23,12,17
27,48,74
95,41,22
73,88,17
44,54,53
95,98,96
12,23,78
73,45,100
90,19,57
0,50,20
63,67,89
63,85,22
22,84,49
92,89,64
93,82,25
41,15,24
91,99,87
26,76,5
14,46,7
0,87,80
24,48,19
23,6,76
58,25,62
80,42,22
50,2,38
1,54,74
54,7,84
82,12,26
3,94,32
13,68,28
2,66,21
95,36,71
31,8,47
68,85,92
38,69,36
31,72,17
8,16,14
15,3,60
96,2,98
6,45,36
48,31,49
40,31,45
30,96,56
9,3,20
31,90,22
6,4,90
5,43,72
59,100,50
73,52,15
83,58,85
78,18,97
91,6,39
39,35,69
69,30,26
41,41,0
30,51,98
31,69,84
13,81,79
57,94,69
80,8,44
37,24,59
50,38,22
21,19,99
15,84,48
90,41,18
68,38,88
98,77,83
2,28,6
26,80,1
97,26,97
25,88,93
64,61,21
10,39,28
100,62,80
0,53,43
98,67,56
54,24,99
22,5,56
0,100,29
8,17,67
80,41,50
72,14,45
33,85,52
35,97,15
73,93,36
90,85,53
22,3,83
36,95,98
13,72,21
3,7,6
100,53,20
37,23,97
95,70,69
63,8,54
45,32,56
12,58,93
4,99,27
55,46,40
54,97,86
54,81,28
43,13,98
93,73,21
29,74,83
38,29,56
3,47,96
87,41,19
83,98,66
58,80,73
91,49,87
12,89,100
48,36,79
9,76,39
9,69,42
68,26,19
44,58,14
12,81,98
40,57,85
20,84,44
62,17,52
15,23,36
43,55,90
60,89,5
36,19,94
31,50,99
20,41,38
29,69,65
47,5,28
17,14,78
39,14,43
74,75,68
15,58,93
22,43,1
66,86,79
17,83,26
22,94,9
63,10,71
44,65,83
29,96,35
55,21,68
40,51,98
69,30,94
26,3,54
19,55,12
9,67,20
40,83,27
16,15,80
3,25,15
25,86,21
5,71,10
41,69,100
87,21,96
93,95,74
64,2,89
57,44,34
19,59,57
84,74,32
32,46,77
92,65,18
44,100,62
72,16,33
97,47,52
90,34,30
17,7,59
78,11,77
37,18,63
74,14,15
54,98,86
89,16,43
90,18,46
42,72,62
13,93,30
31,88,37
87,93,66
100,98,46
16,48,46
94,55,3
39,22,78
65,47,74
15,41,97
17,97,0
12,38,92
80,99,1
1,67,8
88,40,38
96,19,12
16,87,20
32,10,14
32,49,57
97,70,39
99,24,18
41,61,31
3,97,5
44,27,98
26,39,80
18,30,92
34,20,62
71,40,78
80,41,94
37,91,54
1,54,98
73,11,31
56,49,77
30,63,23
41,60,94
66,59,29
80,56,17
52,34,30
10,37,91
86,98,7
29,97,6
3,26,51
91,80,5
49,83,96
16,8,89
97,23,50
83,64,60
35,57,73
6,1,97
66,29,41
50,25,14
40,63,18
79,50,74
61,34,16
13,23,77
1,81,92
32,0,95
20,25,19
57,15,14
14,48,2
37,48,93
41,74,76
7,60,27
76,35,87
74,98,97
69,3,2
79,16,85
100,21,41
33,24,76
26,20,66
91,29,56
72,33,38
69,2,21
45,100,47
14,26,40
35,92,91
90,24,27
57,42,84
81,29,43
81,30,45
66,72,14
52,56,35
31,73,4
71,62,29
42,93,14
87,90,31
54,9,38
94,94,32
49,17,37
61,59,11
96,83,79
63,35,26
48,10,50
61,65,63
71,37,28
82,0,45
76,88,75
11,16,83
57,58,23
46,2,47
80,5,23
6,61,65
15,87,97
46,59,56
11,88,67
100,67,43
65,44,98
90,31,94
82,87,37
11,97,63
51,4,52
63,81,16
95,85,91
40,22,89
68,77,63
77,87,60
19,86,89
76,55,55
17,91,86
44,0,83
62,99,28
33,64,57
35,15,73
55,48,29
97,61,54
5,57,15
40,82,5
22,30,91
57,94,21
82,52,87
56,21,54
50,53,8
10,94,89
91,52,30
16,32,4
30,66,93
21,4,21
32,65,46
28,69,12
36,67,56
96,96,45
29,30,62
4,56,37
77,17,87
94,25,15
81,59,91
33,88,75
35,91,68
90,42,26
39,75,55
46,33,11
12,97,55
77,75,88
33,50,48
77,19,44
45,100,28
100,5,21
76,83,97
90,84,61
43,64,3
0,25,68
18,80,23
21,65,83
37,18,83
10,82,19
75,45,51
49,17,66
64,63,89
12,25,88
64,50,12
87,44,66
38,67,98
89,88,33
98,97,1
19,14,93
73,35,2
20,66,66
47,78,5
73,1,68
19,85,25
45,2,82
22,46,70
71,7,84
76,45,11
54,21,61
69,30,67
23,12,40
43,8,61
90,4,89
44,56,5
2,81,26
14,57,100
94,71,54
12,31,9
27,28,51
62,41,80
59,42,61
46,23,59
70,10,44
70,9,0
19,77,53
30,86,72
7,66,81
51,19,79
24,10,23
43,7,40
15,18,25
30,26,56
6,94,11
48,84,21
7,8,98
8,92,54
82,58,53
90,83,84
2,50,51
59,51,78
68,89,100
96,6,32
39,6,94
72,40,0
7,89,11
40,86,96
73,46,29
98,19,18
21,39,75
44,73,44
48,55,22
26,28,46
89,72,50
67,78,25
37,78,20
22,27,23
38,55,11
48,66,10
90,91,49
32,87,19
58,50,12
84,80,30
99,32,99
51,6,35
40,49,14
60,63,25
11,2,99
96,42,76
77,43,18
76,4,13
78,71,25
7,20,84
84,33,82
28,58,4
96,21,16
84,56,6
65,25,13
57,84,11
13,47,75
98,84,77
12,41,86
97,16,52
61,25,24
15,79,19
4,41,22
66,89,96
76,19,41
30,19,91
83,63,17
33,88,87
78,84,14
89,8,47
2,74,21
77,31,19
51,64,6
80,17,12
51,0,71
81,51,28
57,28,60
46,82,88
46,42,71
13,13,16
0,81,99
91,59,28
48,34,94
60,66,71
38,24,56
17,94,77
83,62,29
6,58,36
70,28,2
40,38,24
34,67,13
28,89,86
74,45,61
96,14,40
52,29,81
15,51,100
9,56,51
4,23,35
55,42,46
36,54,70
68,43,91
47,53,10
43,25,64
97,70,18
56,53,60
19,43,55
93,40,17
10,16,32
6,77,60
68,26,82
66,67,5
62,62,53
27,61,44
53,39,14
57,97,31
33,52,27
6,4,51
95,13,91
1,79,5
36,36,98
21,84,66
50,98,49
40,9,55
75,22,100
94,40,97
66,82,25
60,40,68
66,84,77
3,59,66
83,84,39
83,77,23
1,27,87
24,17,91
1,83,0
31,36,40
44,25,35
32,53,50
3,9,3
26,33,52
70,100,19
86,81,59
7,15,18
27,84,52
61,58,82
2,54,66
84,72,86
80,82,56
80,79,61
58,1,43
28,54,13
96,19,25
13,79,99
88,10,26
52,74,49
79,37,92
77,51,31
65,94,88
100,75,45
24,78,73
58,65,1
24,87,33
70,48,61
60,1,2
4,74,48
18,96,15
68,19,94
17,29,39
9,42,68
46,44,25
75,80,55
71,90,30
43,57,98
44,42,30
76,80,13
19,64,49
100,95,62
42,85,78
34,80,92
29,45,88
56,35,14
34,38,14
58,3,75
83,84,19
73,88,68
52,81,48
10,50,88
22,90,0
62,51,64
15,65,78
91,23,18
10,59,36
65,11,0
41,79,81
51,90,51
42,48,60
36,88,88
54,36,29
2,98,5
91,39,67
87,47,50
66,33,100
20,27,4
55,34,26
12,51,28
91,60,40
20,11,90
27,68,58
42,50,47
47,74,67
82,89,73
61,54,41
74,81,25
7,98,33
2,27,45
69,30,94
34,21,17
64,52,43
75,92,24
87,59,74
43,24,36
82,25,41
60,43,95
93,77,61
32,79,55
53,44,16
48,80,34
94,42,38
85,66,45
58,49,9
11,34,22
65,94,7
52,18,29
56,47,80
79,57,62
32,65,24
33,90,8
97,58,61
33,86,21
4,70,22
64,94,98
69,3,22
14,67,83
85,15,52
48,42,0
64,84,51
31,49,50
89,64,36
21,94,49
55,96,82
89,51,90
29,40,71
88,99,15
95,71,53
36,92,43
19,21,63
8,0,32
64,46,6
96,84,68
60,96,54
53,22,85
25,85,21
78,52,9
72,3,52
24,87,75
65,2,3
12,63,30
69,38,28
48,8,52
75,47,37
86,42,66
45,34,43
45,66,53
29,3,96
85,44,76
79,49,67
80,92,87
90,39,100
59,13,96
38,43,48
3,54,66
61,20,94
85,18,40
59,95,51
24,71,46
6,43,20
11,28,5
51,90,39
44,94,56
23,57,98
43,54,44
25,84,27
59,12,54
45,30,26
3,59,64
61,98,65
45,39,15
79,49,34
50,93,92
41,73,89
44,83,6
18,48,27
35,76,7
50,4,23
24,75,26
22,92,100
17,73,37
74,4,10
70,83,58
25,88,51
34,54,68
15,52,38
75,19,4
63,36,93
76,69,1
34,61,89
48,78,74
26,83,25
31,40,37
17,17,93
79,28,40
87,92,43
54,35,84
80,15,95
85,22,49
5,43,95
71,52,78
73,73,84
40,6,9
5,16,87
91,70,28
28,36,25
12,99,59
96,80,40
43,93,13
46,73,57
98,13,1
17,53,57
35,44,32
36,11,71
53,28,39
27,1,23
6,7,20
46,34,59
94,93,26
77,100,84
69,93,54
59,0,64
66,66,58
93,55,96
0,50,38
13,59,53
95,24,30
49,66,55
54,34,9
75,85,70
26,74,31
80,79,72
97,4,77
61,75,63
59,42,95
95,9,4
61,26,73
0,1,23
16,83,72
47,94,61
93,84,78
11,5,85
31,47,97
0,47,41
84,52,68
80,35,30
82,62,36
72,68,25
90,37,61
94,74,72
85,9,36
16,79,67
85,72,80
93,100,24
78,90,100
96,96,58
17,46,43
68,58,62
24,42,25
1,25,13
42,67,86
68,14,71
72,36,1
21,100,34
54,85,11
32,44,56
38,41,85
89,13,7
77,3,29
5,86,37
26,11,30
95,60,1
19,99,39
62,30,21
85,4,4
22,74,59
0,45,12
3,44,88
1,55,42
51,42,82
41,43,94
65,75,3
75,78,45
87,14,76
27,99,61
19,80,55
33,97,17
2,8,61
7,36,66
40,85,51
63,11,49
61,50,5
45,39,30
88,91,53
26,9,69
36,72,65
5,7,85
41,29,6
5,55,26
30,76,20
70,100,93
55,58,71
28,82,90
76,60,47
59,83,34
98,41,72
96,94,82
54,49,96
59,59,32
31,50,13
68,56,55
6,20,83
3,88,45
82,93,85
73,20,75
63,63,3
38,8,100
39,48,17
43,98,64
1,5,7
71,51,62
76,18,33
19,73,55
34,45,1
24,38,86
51,34,73
11,23,19
16,93,10
67,40,95
97,88,37
43,15,19
77,28,88
66,65,47
38,85,5
80,88,58
33,54,92
23,46,37
30,79,62
61,41,94
74,35,5
85,93,28
94,40,75
94,85,57
21,94,45
8,41,19
31,51,47
69,81,29
26,28,1
28,52,31
68,53,35
28,88,17
21,43,7
29,86,35
98,88,3
83,75,58
44,82,54
36,19,9
0,19,12
7,89,56
53,0,45
33,1,97
33,92,48
65,18,20
2,45,59
2,54,92
3,0,7
35,17,67
12,27,41
21,25,26
3,44,62
53,37,63
60,54,40
47,100,35
87,44,53
77,13,32
66,29,75
91,55,8
32,58,49
59,35,60
38,98,46
56,20,55
5,16,69
77,29,86
78,54,94
85,16,32
22,82,12
1,97,86
11,70,17
2,44,36
8,51,6
41,11,58
28,0,99
21,66,0
96,41,68
25,87,99
68,28,78
72,78,99
75,77,53
47,55,62
20,20,81
24,68,8
56,34,49
38,54,55
25,26,18
90,58,55
12,18,91
28,25,6
68,66,64
40,66,8
94,95,35
0,9,48
36,35,98
5,40,32
2,67,11
77,90,72
89,42,36
92,39,50
17,75,99
77,81,30
51,34,75
63,46,24
27,91,54
27,72,89
4,8,29
29,14,42
34,16,48
94,42,16
99,60,43
97,33,73
63,31,52
84,24,87
31,48,57
33,80,56
76,44,38
48,0,31
8,92,7
56,52,89
96,95,74
20,48,97
27,45,90
20,96,11
2,77,6
6,53,56
20,52,5
24,87,99
95,56,70
33,8,68
25,95,49
34,83,67
31,17,4
14,70,29
4,37,94
70,51,79
26,1,32
51,94,7
58,45,23
51,60,4
87,24,84
80,85,9
58,52,47
50,36,69
15,49,0
72,24,7
11,85,36
21,47,15
25,24,48
6,78,98
20,27,19
45,28,6
3,62,88
7,54,33
51,94,12
83,77,85
72,99,70
32,52,84
49,1,15
38,37,89
5,11,10
3,52,14
53,62,33
73,8,2
17,18,25
18,49,50
65,39,90
47,69,41
55,5,14
35,29,25
68,9,37
77,63,89
26,79,2
94,87,67
36,29,91
68,69,42
42,100,82
24,42,98
7,85,13
100,88,40
61,68,56
55,40,99
6,84,83
76,92,62
32,46,81
14,97,78
83,62,69
72,98,76
30,10,72
86,62,56
67,26,67
72,30,5
38,59,50
97,81,97
92,8,26
26,70,53
96,94,89
97,27,45
73,63,41
78,14,92
42,82,95
36,86,62
95,68,93
8,10,74
87,33,22
35,14,2
46,96,95
85,68,28
80,93,0
75,84,33
57,95,13
41,68,1
9,89,16
6,42,32
95,8,58
48,0,72
96,29,69
25,25,2
31,95,49
31,37,53
46,86,17
71,29,60
49,59,10
64,98,87
64,73,75
97,22,62
41,28,8
74,42,96
92,28,79
87,37,20
71,59,4
3,91,0
43,75,0
48,43,79
69,25,76
74,98,1
7,95,29
61,14,93
74,92,51
59,1,90
1,43,9
87,82,65
59,48,42
78,45,48
33,71,67
65,82,20
83,49,100
72,55,17
13,89,64
67,9,46
6,30,37
84,58,96
20,26,74
25,41,57
56,89,2
33,79,45
66,86,71
62,47,12
76,76,18
64,89,75
42,73,68
71,29,40
31,24,83
83,31,88
86,14,95
86,86,53
14,75,44
0,44,83
4,14,4
67,55,9
63,1,97
23,45,41
18,16,63
74,74,91
24,59,51
36,57,60
8,3,26
40,51,21
43,32,61
50,5,65
41,28,78
26,13,95
67,38,100
86,85,37
41,51,5
63,7,80
11,11,34
80,20,58
67,41,39
85,46,59
9,61,75
17,32,5
36,99,19
97,28,15
27,49,99
31,10,30
94,61,93
54,4,83
99,55,52
62,53,90
48,85,49
19,14,25
48,74,56
90,93,6
27,1,19
0,70,18
14,29,23
62,90,2
71,88,79
77,40,63
64,60,59
80,14,92
83,15,74
7,39,3
45,36,13
11,30,15
10,60,87
1,55,15
100,20,36
78,93,16
12,37,5
49,5,93
97,33,20
44,35,61
70,97,4
14,76,53
99,78,15
58,19,16
80,43,23
29,61,48
12,73,75
13,21,80
50,69,23
30,5,58
77,3,81
31,18,25
10,95,63
58,2,84
42,51,65
34,32,33
11,51,55
48,9,89
29,34,0
10,15,27
95,19,94
7,4,4
88,31,93
30,21,21
70,85,9
8,7,100
4,41,88
34,22,37
57,52,41
54,5,2
36,91,58
49,22,63
71,9,82
80,68,95
6,71,19
77,28,41
25,52,52
57,69,65
68,26,57
66,10,16
24,83,72
43,90,85
52,97,0
49,44,30
44,94,78
14,2,51
64,58,47
46,84,3
22,62,21
29,13,69
62,34,96
14,46,77
57,84,34
10,82,3
59,86,73
12,87,52
73,94,6
49,64,22
99,18,10
8,33,21
53,75,13
23,41,38
21,0,23
12,86,54
61,83,40
13,77,89
75,74,95
49,73,66
54,35,14
0,6,6
72,51,78
71,3,78
98,18,89
33,80,33
27,86,42
58,93,86
49,36,37
51,95,20
42,20,33
25,97,88
13,74,77
81,10,73
96,23,86
56,99,67
81,77,41
4,64,44
14,100,97
48,11,37
0,94,38
83,55,29
65,48,92
58,84,4
27,100,90
19,17,74
1,98,21
87,34,51
94,49,81
87,17,1
25,48,3
52,0,14
67,73,51
36,100,27
76,83,85
83,8,41
42,2,38
68,58,54
7,6,62
17,26,76
29,24,96
41,2,2
88,20,5
34,79,55
0,57,92
46,22,27
51,5,54
73,60,96
76,98,52
68,38,2
63,77,81
38,55,70
24,33,98
19,59,5
91,44,33
2,75,26
23,71,73
35,33,44
44,79,5
38,54,17
74,72,53
0,71,10
24,70,67
97,12,90
8,68,19
51,17,39
39,66,45
55,48,64
63,20,4
16,9,11
53,45,7
56,38,98
37,95,69
38,10,78
70,33,87
100,50,64
55,60,48
94,26,86
90,38,55
48,64,81
42,5,52
98,76,14
97,69,58
29,85,43
91,25,30
5,65,19
37,80,72
49,3,94
77,89,82
38,69,63
73,24,0
87,3,86
98,32,5
97,49,70
32,44,11
91,12,47
23,33,46
8,96,9
38,41,19
85,88,65
52,28,61
48,79,21
36,97,26
5,84,53
80,64,47
67,54,25
92,67,81
16,4,97
85,5,15
78,67,21
92,42,25
19,36,94
20,70,86
87,74,53
21,79,67
64,39,48
5,69,52
42,25,74
1,54,39
52,24,8
37,46,80
85,76,66
66,18,96
42,14,74
66,31,72
91,98,92
68,44,36
76,86,95
39,35,58
7,4,48
40,60,14
0,52,28
54,97,54
13,85,81
59,53,4
84,20,28
41,93,81
98,67,53
62,16,37
63,41,77
29,19,76
25,4,58
26,93,18
23,22,75
76,82,95
26,51,2
98,62,37
34,9,7
31,100,24
10,3,58
80,77,17
2,92,37
63,57,49
82,97,8
4,13,2
77,25,3
84,84,96
29,11,66
94,76,100
64,56,48
29,63,55
9,76,24
57,61,15
53,35,29
32,60,17
49,49,65
86,65,76
18,10,78
58,6,61
75,94,58
71,59,18
87,49,73
89,2,21
21,89,27
51,36,83
47,30,12
49,51,34
67,58,24
65,65,54
82,61,8
44,50,3
24,60,36
12,13,40
25,40,25
77,67,99
29,5,10
81,35,25
48,72,10
23,26,92
43,38,19
41,95,18
59,94,39
59,86,91
18,7,57
19,48,32
42,57,52
27,51,22
78,6,7
48,7,51
77,45,31
33,73,79
67,3,62
13,18,1
23,2,77
48,90,32
8,62,28
9,100,2
81,28,41
7,15,24
84,84,100
56,79,90
27,2,55
64,57,97
58,22,15
75,27,2
72,21,36
36,31,30
17,3,39
80,59,42
85,71,73
13,3,68
56,3,29
69,51,37
36,86,5
67,80,97
91,25,84
3,84,24
23,35,33
71,62,96
80,47,72
56,32,57
47,23,1
22,65,67
26,78,30
58,4,97
79,40,17
34,16,56
63,83,90
49,100,4
100,32,62
59,51,27
1,22,82
30,55,85
52,37,73
37,15,78
61,57,18
33,95,77
93,42,60
63,13,40
57,92,66
42,28,52
72,34,84
90,53,96
85,85,3
18,75,52
60,29,65
42,63,24
34,69,23
32,46,11
87,22,66
24,87,12
23,40,70
71,29,12
22,65,61
61,99,2
59,77,15
14,13,17
42,20,7
53,56,79
2,16,81
73,3,0
91,70,97
50,55,11
51,4,4
22,95,49
38,37,95
69,3,54
29,21,49
99,97,22
85,94,91
37,39,22
4,83,44
77,55,94
83,97,42
25,8,83
67,90,10
18,44,80
97,97,64
88,44,92
77,73,84
17,78,18
86,63,9
98,40,3
47,5,0
66,49,15
24,36,13
88,33,61
87,78,78
16,97,59
19,7,39
74,74,20
48,26,48
64,64,97
90,89,21
68,33,45
26,23,100
62,38,24
71,76,57
86,46,52
77,13,3
20,2,44
0,25,3
15,62,96
96,52,42
91,10,9
46,68,58
70,34,46
77,49,57
51,13,53
100,63,44
14,32,53
64,58,32
94,10,16
17,66,88
68,1,57
20,1,5
1,24,47
94,80,75
76,57,8
40,31,32
56,40,50
48,22,63
24,33,62
42,49,2
1,53,56
27,74,32
39,87,11
49,61,17
91,100,24
19,38,63
71,97,40
93,51,20
26,63,16
52,78,21
67,97,13
14,3,16
62,22,72
51,75,68
93,42,88
4,42,29
29,97,43
45,97,21
54,23,76
6,18,29
72,46,82
77,14,40
58,22,7
81,16,30
82,51,59
36,100,51
89,90,89
82,84,73
96,90,26
67,82,25
72,22,76
49,12,62
65,32,85
97,81,2
41,82,23
9,40,98
55,87,31
74,38,38
96,85,13
92,76,52
88,73,26
50,55,46
49,10,73
63,58,48
97,26,16
14,89,21
69,79,6
93,67,92
77,3,89
70,48,33
15,71,4
3,38,32
63,53,8
5,8,49
78,34,36
57,91,25
39,29,53
82,30,94
44,67,80
44,3,49
7,90,90
56,98,27
23,41,40
21,47,82
55,18,86
43,83,49
94,52,35
59,5,14
61,82,9
49,20,34
97,34,59
28,36,15
51,68,84
32,31,53
6,64,32
11,0,50
23,9,71
18,61,64
50,72,4
19,0,86
3,30,2
23,44,91
36,95,6
34,15,55
63,8,15
53,93,90
68,47,77
50,12,23
35,20,65
22,73,20
35,98,8
99,94,58
28,91,23
52,63,11
29,44,52
0,77,25
17,90,85
74,66,3
40,92,1
45,0,27
24,0,68
92,26,41
72,45,69
51,12,20
4,37,25
48,42,97
69,46,28
3,83,57
42,74,15
35,23,98
16,25,14
49,24,0
41,13,38
42,26,96
57,87,34
95,92,23
33,77,99
58,100,67
71,25,84
56,71,33
10,30,49
47,35,69
69,76,6
13,15,28
98,81,65
34,2,92
92,81,24
73,30,42
33,28,45
34,62,69
66,68,50
43,36,48
83,26,33
68,18,90
45,58,11
55,85,34
18,72,18
51,50,19
72,24,62
33,90,51
37,93,89
94,69,14
10,68,87
23,31,99
25,76,39
75,24,91
15,33,59
52,90,31
17,75,72
66,48,28
86,91,60
2,80,20
49,24,55
52,56,10
60,56,68
74,70,72
36,44,16
93,72,51
33,57,49
18,46,93
32,54,70
0,40,51
65,10,85
70,64,42
24,86,56
73,49,93
34,17,34
74,85,33
83,93,48
19,90,75
30,59,34
25,79,58
93,99,91
82,63,54
75,2,77
73,69,26
67,89,8
53,70,70
56,96,0
30,5,68
12,2,63
80,41,70
10,92,12
94,4,42
88,99,34
17,21,96
2,50,3
28,99,68
19,71,13
65,19,73
10,81,93
74,25,68
50,93,81
21,91,69
86,73,90
43,44,30
32,81,12
100,72,6
46,4,86
59,4,59
91,79,24
93,93,73
57,53,12
16,95,3
45,17,47
67,73,6
37,18,21
36,6,78
81,59,25
33,92,57
53,69,22
12,84,59
22,86,5
67,68,61
8,62,54
47,45,52
56,11,52
62,51,55
35,83,85
20,14,42
33,2,60
67,52,26
38,99,81
0,30,40
1,2,100
74,49,47
70,2,55
85,72,24
52,49,44
53,72,73
91,57,70
8,28,0
17,28,27
21,36,99
79,50,22
8,79,88
36,15,25
86,51,46
29,44,97
5,93,14
82,86,93
23,97,82
39,57,51
8,66,42
40,39,26
79,90,55
7,91,15
63,54,67
46,62,82
87,93,42
100,38,53
41,97,9
20,31,61
41,9,87
32,35,88
68,71,45
40,39,42
20,15,31
81,90,91
33,58,39
69,50,47
81,78,63
66,96,100
14,30,44
87,76,59
26,91,51
39,41,0
65,65,54
41,22,21
25,10,19
85,94,32
50,79,13
2,85,12
75,65,24
44,12,50
96,0,69
63,34,63
86,57,16
21,19,74
60,29,43
72,70,32
91,13,4
38,90,43
5,95,84
91,72,71
73,96,68
67,45,39
18,89,62
30,83,35
68,93,88
83,2,37
77,14,99
99,83,43
81,54,34
17,21,52
55,43,61
13,57,9
65,79,76
64,18,64
35,84,50
71,38,65
91,49,50
99,35,100
99,31,80
64,2,36
15,14,68
67,22,52
46,78,90
53,56,43
28,87,80
87,4,92
46,18,19
83,94,23
29,89,69
67,24,40
66,92,63
4,8,58
38,28,61
5,22,15
45,17,30
16,77,53
53,96,85
37,83,51
50,80,64
36,15,0
89,94,19
29,61,49
89,15,16
1,46,9
46,45,85
66,24,48
86,67,38
11,7,57
72,44,20
99,73,62
78,21,61
41,41,27
72,87,78
24,100,28
62,63,66
44,27,59
58,52,68
39,94,13
62,60,60
46,58,73
53,31,77
51,22,83
79,67,67
62,23,76
65,9,94
49,61,36
96,25,48
96,25,3
66,74,50
23,32,48
62,83,90
75,7,59
98,19,31
26,43,6
17,14,74
61,8,88
73,59,68
25,62,58
63,16,26
32,17,4
90,69,68
56,47,89
61,100,43
25,43,58
21,40,42
14,92,22
30,87,100
1,97,41
25,96,39
83,96,80
30,62,70
12,49,97
1,88,45
85,64,32
66,2,7
86,100,19
9,100,53
65,46,2
88,20,59
84,27,25
48,80,33
79,12,35
41,54,45
93,36,25
71,66,98
27,31,70
96,78,90
18,35,5
33,68,37
9,83,83
12,25,42
37,78,37
19,80,40
62,82,18
65,18,24
91,100,100
22,79,75
26,49,7
94,35,97
10,62,69
71,100,79
11,47,37
49,61,0
18,77,82
5,85,72
92,20,5
81,34,15
11,77,40
12,49,8
55,62,61
42,61,69
15,53,92
26,81,74
66,88,20
24,93,20
36,27,48
2,3,93
37,20,13
10,65,27
29,67,29
99,23,8
18,48,41
32,44,100
29,9,93
5,48,2
85,19,39
19,73,54
12,22,54
33,36,46
30,77,3
63,40,90
10,33,58
63,96,61
56,2,79
92,85,92
1,90,58
63,22,59
52,72,70
83,67,92
77,33,54
72,25,21
48,77,91
52,59,71
8,57,31
37,40,47
67,50,85
51,14,71
95,99,61
54,9,20
71,82,76
40,35,99
91,7,52
35,67,52
59,84,84
56,35,36
16,81,8
38,66,16
64,76,43
87,9,7
3,4,1
87,10,78
50,17,43
18,66,20
79,66,82
10,60,70
32,96,34
19,69,18
91,39,16
50,91,14
59,87,91
33,28,94
4,31,76
72,13,79
97,37,98
4,68,89
81,96,66
81,93,77
34,25,7
70,74,15
67,36,65
62,81,27
41,81,62
15,87,88
93,31,89
22,1,12
51,53,38
84,1,25
31,52,9
12,9,40
37,13,72
46,63,38
60,39,3
31,10,60
45,98,87
52,47,89
65,6,9
5,40,75
56,0,34
69,32,60
62,57,4
66,81,0
10,57,70
20,43,7
30,65,72
26,37,47
64,42,41
17,0,30
68,2,70
84,22,87
55,14,74
96,87,74
42,58,45
10,38,53
74,93,58
5,86,74
53,50,18
93,55,73
45,27,28
36,92,76
79,66,49
74,87,11
58,79,65
56,12,98
89,6,85
84,32,76
98,4,100
51,21,0
90,68,87
3,40,99
0,26,39
26,58,95
47,22,65
12,53,52
84,6,28
71,23,89
88,22,98
95,96,96
26,55,41
58,59,70
82,78,47
31,13,57
5,54,10
86,23,43
31,84,71
55,8,9
4,36,1
12,98,56
27,56,10
65,79,7
62,78,14
45,64,41
21,84,91
11,45,51
69,23,17
54,26,62
88,8,17
82,30,47
23,96,80
42,58,21
63,45,3
48,89,89
28,0,84
89,30,86
95,13,59
15,27,28
41,44,43
95,49,90
98,17,91
81,7,9
70,81,79
4,75,53
9,56,94
80,68,89
37,90,62
4,11,93
53,75,15
4,97,34
39,36,27
95,7,42
64,4,90
78,92,16
13,57,4
48,19,24
25,92,17
59,78,45
50,22,34
50,42,7
49,35,39
54,31,34
28,14,48
19,17,45
10,86,67
42,59,43
48,33,68
87,18,96
28,76,55
29,74,89
11,48,25
10,63,31
73,91,3
28,84,56
86,71,92
28,91,16
34,20,51
80,32,37
1,17,61
15,80,39
0,37,100
87,57,14
10,54,7
40,58,87
97,55,84
96,25,64
29,39,29
95,94,37
48,46,29
74,89,99
41,31,96
78,15,79
44,70,96
29,82,50
94,91,77
47,93,3
0,24,22
2,96,37
57,70,26
12,52,89
67,100,12
23,21,97
94,100,60
7,44,24
75,24,27
29,46,38
91,25,80
59,43,29
5,18,86
62,11,83
4,95,72
2,77,63
87,44,55
1,39,40
28,2,85
78,46,63
59,31,77
23,43,96
64,23,0
23,87,48
75,19,18
98,16,35
93,87,17
22,92,33
25,68,16
73,98,63
22,12,75
45,57,11
32,23,72
43,93,23
7,56,18
52,78,31
79,44,45
48,8,49
39,83,84
61,96,59
40,100,51
48,3,15
32,48,40
29,62,97
3,41,90
56,18,2
12,86,41
84,87,74
52,86,64
22,1,88
56,20,10
45,38,3
26,42,2
6,52,4
24,36,65
73,19,27
51,29,29
95,43,63
87,5,74
25,33,48
27,70,20
49,71,9
46,60,92
79,37,50
30,4,26
98,70,96
75,16,86
96,90,83
7,1,7
57,65,77
77,40,73
41,42,37
96,1,25
99,48,16
54,16,64
19,5,77
53,92,20
61,9,96
19,37,75
13,25,72
19,7,6
88,18,17
60,57,71
77,35,23
15,54,83
36,35,72
38,39,80
57,9,81
64,96,44
45,59,98
26,90,82
44,93,48
51,87,82
50,60,4
81,69,31
8,90,59
20,31,18
70,33,82
90,14,88
14,89,8
48,18,63
38,97,81
62,25,70
88,71,32
80,33,10
51,6,86
83,0,67
25,74,0
86,89,3
7,67,36
53,10,68
59,16,83
8,87,87
88,93,39
65,46,83
59,14,11
41,91,51
49,49,54
71,3,68
71,51,32
64,91,88
99,70,42
35,73,30
27,31,18
12,38,83
47,94,91
44,1,57
4,21,31
25,29,70
31,49,45
71,79,94
99,98,24
99,23,53
26,100,31
62,47,34
79,64,16
86,41,29
83,45,16
46,65,62
0,48,23
35,8,71
32,21,73
61,8,14
1,14,18
10,19,40
22,29,12
60,59,63
85,89,64
64,94,43
10,88,56
2,50,7
95,5,5
53,64,47
80,98,53
71,73,98
15,12,66
43,4,34
37,0,38
63,94,60
53,35,92
76,4,65
90,46,38
95,65,34
58,3,36
76,65,88
33,96,6
67,10,21
53,73,87
49,8,56
33,93,30
3,36,9
6,72,95
57,53,90
7,89,26
1,49,14
94,71,56
51,67,33
83,23,53
12,59,48
73,99,8
65,83,54
97,20,8
3,45,15
7,69,41
14,86,13
1,89,8
30,49,94
80,41,99
14,87,41
20,23,19
54,92,93
60,66,5
80,92,56
60,94,16
56,34,14
94,71,56
83,37,52
24,95,23
97,94,21
4,29,72
85,31,52
37,36,28
25,77,94
8,69,47
13,50,17
76,73,32
16,72,14
44,44,61
67,34,37
7,64,79
80,62,46
38,54,81
43,11,9
68,7,10
38,12,5
52,40,95
47,64,98
42,48,58
68,96,14
10,92,4
7,45,39
23,4,47
10,60,98
72,68,81
96,41,44
63,0,35
43,1,67
75,3,41
17,60,40
20,37,29
91,33,42
45,80,80
31,23,48
13,86,13
42,0,22
3,50,53
57,9,70
0,0,98
25,39,37
7,89,90
36,66,28
26,89,34
2,56,38
19,77,59
63,60,88
53,57,90
82,6,85
47,53,78
28,79,64
7,99,97
39,82,69
64,57,72
45,76,74
49,4,45
62,77,70
76,83,33
79,68,31
36,88,0
20,61,75
81,30,95
83,88,33
31,3,53
70,29,25
42,88,76
85,6,69
62,41,71
38,93,50
22,45,81
0,78,83
40,22,4
43,20,96
56,5,8
60,47,82
40,30,21
77,71,10
70,4,1
5,64,74
39,13,60
44,11,36
54,8,25
13,83,83
85,92,74
99,67,4
84,30,86
14,66,46
45,38,94
48,77,80
93,62,85
52,98,64
65,83,83
13,71,43
14,16,5
32,46,47
44,14,4
92,85,22
8,34,4
61,87,54
57,30,52
22,51,32
93,78,42
48,83,48
6,17,0
61,3,35
8,84,19
79,48,10
43,86,82
100,72,90
7,78,52
79,95,51
68,60,71
32,5,52
2,48,4
17,96,47
50,46,16
3,57,63
24,94,84
80,27,81
90,28,0
83,71,8
51,86,47
0,43,58
59,5,17
51,67,56
79,64,55
4,76,55
50,0,64
66,43,70
87,23,60
4,32,74
95,31,43
57,6,16
51,9,69
65,57,22
1,99,15
55,80,55
28,23,100
53,69,54
6,42,28
52,77,77
69,72,30
81,79,0
67,78,96
19,86,20
3,98,87
7,18,28
24,28,14
95,60,85
39,46,44
25,75,92
5,93,9
79,29,81
99,41,63
64,45,7
2,62,83
68,68,42
83,69,62
56,70,8
39,75,4
37,1,60
39,12,88
49,81,17
61,1,67
45,18,44
29,6,22
96,97,85
49,29,90
56,48,45
31,0,79
15,86,41
93,3,76
69,22,1
98,30,88
12,17,45
2,74,9
38,72,69
27,43,20
32,80,1
7,59,32
4,64,30
41,98,0
40,53,35
5,34,44
84,75,49
95,87,85
54,80,95
97,66,59
44,98,42
95,88,100
46,47,15
24,1,93
13,69,59
37,93,59
94,7,60
79,17,20
49,35,1
27,56,8
85,19,31
15,33,21
69,14,80
17,33,31
46,8,47
8,54,97
93,41,68
21,73,0
32,98,9
5,72,46
57,59,40
39,17,95
73,45,51
64,16,17
58,94,18
70,56,46
34,17,81
10,79,59
4,59,84
44,99,54
82,70,7
22,70,89
21,34,89
14,85,0
83,19,0
100,34,98
21,77,15
19,14,3
9,78,32
16,87,77
92,100,70
62,28,72
70,22,28
27,52,42
55,87,48
68,27,44
89,74,71
7,38,93
40,72,51
16,6,2
56,10,63
96,31,22
49,34,26
37,64,86
45,4,48
62,40,92
3,66,71
68,7,63
76,98,5
5,76,9
24,4,21
4,28,23
91,28,50
20,37,67
57,34,97
46,20,22
74,25,1
44,70,72
85,46,10
96,99,20
3,84,33
74,55,46
90,78,21
99,51,64
84,2,93
19,70,4
28,90,30
51,55,76
19,13,48
67,47,65
0,25,27
92,1,48
4,69,32
39,56,76
15,14,30
16,55,52
33,42,46
55,81,37
82,48,100
1,28,76
91,92,14
4,3,19
35,65,8
2,54,7
24,1,1
60,24,25
56,79,8
62,56,70
31,17,27
95,7,13
6,36,59
36,91,96
49,56,56
42,13,47
28,96,66
75,63,5
41,89,86
30,15,75
0,80,54
12,40,98
2,54,15
5,83,5
86,57,1
70,7,4
21,93,98
69,74,56
40,59,26
40,93,60
68,26,32
27,94,2
31,39,29
2,35,13
60,82,65
94,65,28
94,10,82
75,79,16
16,24,24
26,85,57
10,95,76
22,82,29
100,77,6
15,84,58
84,15,91
6,22,98
53,68,12
68,64,8
80,28,29
52,65,94
1,86,11
13,13,85
37,74,49
78,4,62
31,97,5
13,68,35
80,74,83
80,99,52
23,30,85
83,72,70
75,14,83
74,9,83
5,38,82
84,47,68
85,36,4
67,34,44
52,36,22
8,91,22
0,73,91
14,3,51
79,76,67
80,14,17
39,45,76
62,64,64
14,7,72
1,100,99
21,90,61
89,64,55
25,18,1
89,71,69
74,72,90
58,57,60
3,94,71
65,53,8
44,77,78
0,71,3
67,10,70
9,87,74
41,92,91
56,41,98
35,42,8
80,76,15
48,22,54
33,18,41
75,37,3
16,71,52
55,69,29
95,90,36
51,72,37
96,34,46
91,73,89
15,0,11
86,44,13
14,0,34
19,42,42
59,52,12
8,42,82
9,60,83
83,44,85
21,14,1
12,52,41
95,15,96
86,21,39
44,65,98
82,40,33
33,72,92
4,61,5
14,43,90
80,1,40
24,0,54
30,2,98
15,94,48
3,42,97
11,52,31
64,7,87
11,71,94
94,43,62
32,58,90
3,24,4
35,39,5
55,96,58
70,0,24
75,79,27
33,4,32
61,45,26
96,64,32
71,64,34
17,35,44
14,94,35
75,81,96
2,60,77
37,7,58
16,96,73
25,94,26
14,35,3
23,61,99
54,42,63
21,21,97
35,56,58
33,14,3
80,13,48
54,33,10
79,56,20
29,31,12
9,87,95
9,10,2
47,77,58
43,84,56
95,45,36
86,29,4
54,100,48
53,55,39
96,85,21
13,84,82
55,8,0
32,49,12
99,48,97
79,58,31
77,52,22
17,70,15
56,70,95
22,63,71
42,53,55
72,19,58
62,41,79
56,74,83
86,32,73
46,26,23
45,77,57
14,40,48
49,35,93
31,82,87
78,92,85
65,38,97
66,75,43
0,84,96
79,24,10
98,24,47
94,73,41
13,29,36
43,42,86
35,93,37
80,99,50
46,94,57
30,4,71
96,52,87
92,75,60
23,3,73
70,14,59
24,62,71
22,80,56
71,36,65
33,16,49
78,16,70
70,1,99
93,99,94
9,18,3
70,70,12
20,31,12
55,80,89
62,40,17
66,64,74
78,83,1
5,7,93
19,35,5
16,16,50
14,14,76
60,41,98
27,38,49
92,33,82
64,44,81
35,4,1
79,36,3
6,27,98
26,92,66
56,24,44
98,9,98
62,40,34
16,2,11
16,63,98
47,73,86
72,76,89
51,73,57
31,37,38
36,38,19
54,98,50
33,63,82
32,59,27
48,12,44
41,38,64
48,11,45
4,17,73
27,61,100
93,1,74
45,24,35
13,0,54
81,35,38
51,21,38
84,68,55
42,29,55
33,77,76
76,39,61
86,73,39
10,35,23
34,1,1
17,34,48
37,65,74
10,51,93
15,25,24
81,49,75
37,87,83
88,52,37
89,23,4
35,19,31
84,71,43
37,11,12
67,27,37
72,42,98
88,76,1
72,36,40
43,54,69
92,97,23
15,28,5
2,81,99
52,98,45
91,89,16
31,61,33
87,5,3
7,38,28
60,96,22
50,63,17
96,9,95
3,1,0
72,95,0
47,9,64
84,49,40
22,100,20
99,35,73
19,70,1
40,44,43
82,51,21
34,8,31
66,56,78
56,26,20
41,79,10
10,30,39
61,82,19
54,46,74
1,84,71
74,76,69
2,20,27
91,43,13
22,58,1
33,17,56
68,71,32
9,59,29
6,3,70
61,35,63
0,69,76
17,30,25
85,11,55
97,33,89
14,46,51
34,2,41
73,69,16
13,74,57
12,50,30
13,46,50
81,15,29
67,84,65
41,66,42
36,64,42
67,33,45
44,25,39
84,72,41
70,55,46
30,83,98
88,79,86
73,43,45
17,16,2
86,97,82
46,77,7
34,47,23
22,43,95
89,40,42
84,86,39
88,37,22
98,67,92
51,64,38
66,8,86
35,83,37
0,33,52
87,97,39
97,46,44
14,48,38
65,66,66
97,8,54
19,93,59
42,6,48
42,3,86
84,68,51
19,65,8
43,76,28
14,13,48
73,88,91
4,0,12
56,98,72
34,83,92
79,51,71
43,14,74
88,20,26
69,51,17
84,59,87
70,69,69
57,55,93
28,31,14
31,69,67
34,71,87
30,1,52
30,78,66
80,33,14
64,88,23
94,14,12
45,72,65
32,60,42
5,22,56
61,97,78
33,37,93
15,47,0
61,58,36
10,46,75
46,80,2
86,88,63
95,53,21
63,31,19
78,49,35
96,40,29
19,66,51
48,15,49
34,73,36
2,2,47
42,51,81
83,34,80
94,91,82
95,98,79
14,38,84
0,76,10
35,78,7
46,68,15
76,70,81
3,9,52
35,49,26
28,23,2
49,20,22
75,53,76
42,55,87
95,22,61
59,78,43
45,0,85
88,76,15
36,5,69
27,38,89
11,13,11
58,46,66
88,79,94
86,59,46
65,16,86
36,42,26
62,2,10
20,56,1
9,42,96
74,81,35
9,22,71
64,39,5
94,5,41
67,60,95
28,14,35
17,38,73
63,24,100
20,28,51
36,76,2
50,24,92
82,73,52
78,65,48
68,47,2
58,55,85
66,52,75
50,8,74
28,90,6
44,11,95
76,100,42
18,76,21
5,8,82
95,9,84
41,34,81
94,85,6
85,24,36
29,1,88
83,54,63
53,31,35
56,54,39
14,68,32
31,63,26
19,23,87
57,1,38
69,61,70
7,75,8
17,8,7
1,94,92
69,2,10
29,47,76
64,30,76
53,91,73
21,20,54
81,23,21
91,56,99
11,89,94
43,73,49
41,95,46
43,67,31
77,15,36
8,96,27
57,10,48
44,96,34
90,69,39
11,31,65
52,78,17
3,76,15
15,99,51
54,30,76
85,93,55
24,32,18
60,13,45
76,71,92
95,7,0
7,99,50
76,93,97
18,47,49
20,83,92
7,91,16
4,24,39
63,97,2
7,3,91
12,93,87
36,35,21
45,66,33
39,11,76
64,99,13
27,20,47
85,99,25
57,87,62
61,58,6
62,35,65
65,74,50
55,96,99
17,97,62
63,46,98
88,8,93
18,50,67
40,54,70
83,51,42
76,98,43
81,89,85
32,6,59
87,58,51
85,45,20
85,21,23
26,72,30
40,21,7
48,36,59
18,61,33
70,18,10
73,45,54
19,36,49
43,64,54
29,4,91
89,35,9
80,74,58
85,29,43
69,59,32
84,5,83
75,80,20
45,34,1
64,73,3
34,26,72
75,61,46
91,46,74
73,21,32
62,72,22
93,6,27
54,20,65
16,4,64
14,100,42
83,17,65
43,28,66
60,8,90
62,8,40
78,80,8
97,49,34
52,30,9
25,68,26
46,82,14
20,6,79
59,17,17
57,66,70
59,24,91
36,27,38
32,6,95
9,0,7
81,52,72
2,23,59
15,85,88
84,85,80
62,53,94
15,85,66
38,73,22
78,23,61
86,1,28
77,79,60
16,10,45
32,15,95
5,75,68
14,1,59
86,29,13
32,100,58
96,28,45
14,18,75
80,25,84
27,60,55
17,29,40
92,49,18
73,53,58
13,63,48
69,72,72
75,69,20
63,71,45
13,94,51
37,75,34
14,28,84
71,57,69
84,46,19
44,32,53
49,58,76
11,23,7
30,78,49
32,44,38
42,79,27
45,45,68
99,50,6
39,65,4
5,94,59
13,78,93
96,49,84
88,49,95
65,52,49
22,99,23
94,69,8
2,83,100
74,65,8
28,48,21
11,27,34
14,50,33
11,74,13
37,16,2
68,37,3
19,57,25
51,99,23
59,47,20
60,99,71
16,62,66
35,79,95
96,28,87
3,69,38
50,19,68
41,86,61
16,22,8
60,34,55
44,37,80
59,27,20
17,97,74
34,78,90
43,29,13
10,11,70
90,34,60
86,61,68
30,38,31
62,5,80
48,77,7
14,59,74
82,69,50
30,25,21
12,31,77
17,10,1
57,41,76
46,54,21
0,12,20
98,42,37
72,44,75
40,20,60
24,29,49
42,59,0
86,96,16
43,97,78
83,65,72
0,28,64
58,28,81
91,51,54
100,34,40
2,87,16
52,97,14
49,57,39
45,64,11
45,62,96
68,4,5
20,39,85
53,48,44
24,89,40
75,89,17
45,53,45
62,0,70
19,43,74
81,38,93
3,91,100
89,55,22
68,17,35
59,77,83
84,73,82
81,34,18
41,12,30
77,23,23
64,49,90
84,51,15
15,38,95
25,0,29
17,84,71
43,31,59
82,73,92
34,6,28
92,46,39
40,14,5
86,98,64
44,11,13
47,48,66
90,68,21
96,52,13
49,3,22
70,31,15
86,100,68
7,53,58
81,35,5
40,81,5
0,82,12
94,37,83
3,40,53
1,73,92
92,77,11
35,19,27
51,57,13
86,20,73
38,4,77
86,14,17
18,77,96
10,46,27
38,21,84
12,65,81
13,22,71
75,58,73
54,50,61
79,49,65
61,83,70
84,34,22
93,78,39
47,89,68
3,17,29
18,45,59
10,4,40
44,23,87
35,24,1
51,61,22
79,6,77
45,19,43
54,41,26
10,29,78
24,5,54
52,9,35
56,36,95
8,3,17
47,29,12
53,75,25
12,74,73
39,69,14
59,64,17
22,81,8
44,39,76
71,39,14
12,68,30
45,48,7
46,54,95
27,64,66
17,23,46
51,79,71
91,95,99
93,74,65
58,99,33
14,44,94
10,24,38
76,70,9
17,88,88
38,38,19
61,92,59
68,89,63
87,7,33
55,56,27
30,63,32
98,64,97
27,16,45
10,85,67
39,61,30
49,33,52
11,73,0
0,71,67
76,7,45
81,100,28
82,39,49
98,66,76
84,4,52
50,47,83
17,60,66
27,77,45
59,100,87
97,76,24
11,86,34
74,77,63
54,85,56
9,46,38
24,9,100
92,86,0
37,72,10
81,76,94
0,75,66
50,30,29
0,18,11
68,25,46
33,99,24
6,46,96
81,92,26
36,61,23
92,54,84
100,18,35
74,14,42
95,20,75
77,67,36
60,15,76
77,58,78
68,8,15
61,75,2
86,83,77
15,74,45
59,64,52
88,37,62
55,74,77
24,61,32
21,18,74
55,22,33
8,86,24
26,31,89
68,52,100
30,12,13
64,50,18
68,16,28
91,89,91
50,42,75
48,0,97
19,8,4
83,92,52
1,77,55
54,83,13
90,51,6
25,93,54
21,95,32
98,8,75
60,6,28
53,60,66
96,53,45
14,38,54
88,89,9
6,20,9
46,8,45
41,75,29
95,50,63
54,53,12
13,30,63
57,86,84
54,86,97
52,37,40
47,4,90
17,74,84
70,73,21
35,42,70
53,38,84
6,57,19
42,87,74
53,52,7
82,33,2
34,29,72
69,25,100
37,33,11
14,71,39
53,36,56
60,76,57
10,48,87
95,30,92
5,15,5
6,31,97
45,16,0
88,79,7
13,29,76
78,99,58
47,42,72
34,43,5
10,39,48
34,49,78
76,75,81
69,64,14
40,49,94
6,4,69
84,41,47
45,50,0
47,14,69
56,67,68
55,1,33
94,63,6
82,100,67
30,40,89
44,33,67
55,73,66
16,3,72
49,54,74
40,24,68
52,29,44
63,3,76
95,51,31
21,30,40
91,87,13
95,22,20
85,88,8
54,66,8
5,54,72
13,31,99
37,80,36
91,90,1
50,58,93
82,39,72
93,57,39
60,25,76
9,36,77
6,86,83
73,41,94
25,91,23
68,97,4
74,90,85
20,38,47
22,63,43
2,85,95
77,88,9
32,1,99
24,69,42
71,9,65
68,79,57
49,62,88
22,28,94
60,94,92
37,27,20
66,99,42
89,46,19
91,79,12
71,37,92
100,82,65
22,33,15
61,32,21
34,37,42
73,47,73
43,13,13
38,8,68
7,16,30
27,57,99
74,61,80
77,97,98
55,64,43
30,95,82
1,38,15
10,64,86
11,95,51
60,36,28
37,70,56
81,31,25
78,92,78
93,79,96
69,11,64
60,59,31
50,81,99
30,43,94
19,88,28
95,28,80
55,81,69
94,76,70
20,92,91
47,61,83
15,64,31
23,55,75
20,7,28
81,95,80
84,87,92
4,84,17
50,63,94
90,16,34
69,34,9
100,38,86
98,40,3
64,36,16
60,56,27
50,19,77
29,20,62
68,63,69
14,81,22
34,92,60
14,31,60
6,52,25
30,51,84
46,65,60
100,8,91
56,65,22
1,16,4
74,32,6
20,15,98
43,5,58
74,80,66
84,53,79
77,0,25
31,16,69
59,18,2
97,25,12
37,13,96
2,53,28
61,40,25
96,45,1
85,41,39
57,14,74
54,16,47
38,0,41
39,36,48
39,26,36
36,79,42
18,47,71
62,92,75
5,70,2
10,44,47
87,10,27
89,32,37
80,37,8
91,16,73
27,4,41
26,53,4
39,96,52
30,49,83
63,74,9
96,68,28
92,34,28
56,70,62
99,80,18
44,60,51
76,46,53
6,76,3
28,88,34
71,38,41
90,60,81
35,20,86
91,84,65
89,32,24
100,97,32
17,55,18
62,4,86
76,24,16
16,30,29
97,60,70
100,18,78
83,46,60
46,1,83
90,24,64
75,85,48
83,100,89
3,64,100
53,94,27
64,11,77
12,32,89
41,64,58
14,23,39
63,30,41
87,77,57
56,92,73
92,84,74
38,54,13
14,3,40
17,29,54
67,91,73
60,17,81
66,87,41
4,70,67
53,64,36
32,50,22
98,0,47
62,22,36
21,98,53
26,46,94
65,56,25
50,10,46
29,16,86
14,37,58
36,39,95
91,50,58
42,35,97
86,41,96
5,9,20
78,83,33
51,7,53
37,12,100
74,17,79
39,18,23
6,86,41
8,89,50
20,46,15
80,4,70
67,3,15
15,18,41
2,28,2
11,36,41
42,81,69
86,5,59
15,17,66
36,4,39
43,68,39
62,84,92
81,72,94
37,61,68
23,75,62
67,34,10
30,48,1
62,11,7
95,6,52
61,3,76
33,82,63
3,72,69
82,39,42
59,52,64
92,19,13
25,12,86
42,18,28
45,95,6
31,21,11
100,1,79
29,85,22
2,5,39
31,24,54
40,88,60
54,79,99
56,35,9
29,55,99
11,64,87
67,8,24
2,73,30
62,7,63
35,44,36
73,98,23
99,73,81
23,100,31
71,6,55
9,67,18
25,98,27
26,59,51
37,100,32
63,38,16
8,16,82
77,12,12
31,93,63
28,36,70
35,60,89
52,95,77
0,15,65
53,74,84
77,44,96
4,40,89
90,8,76
22,46,53
11,23,66
69,80,35
17,44,97
53,79,31
32,4,5
68,53,73
2,19,97
16,33,54
69,14,70
58,13,3
8,47,84
87,95,28
27,11,32
62,51,34
77,97,7
11,82,0
38,91,11
39,76,40
75,95,3
85,35,65
43,28,43
33,7,81
74,94,32
12,93,31
95,59,54
62,45,13
31,63,11
68,88,42
99,48,46
4,78,45
21,100,64
98,56,61
12,91,14
70,72,76
7,43,88
3,56,42
67,74,9
58,31,85
80,23,16
14,48,90
91,14,84
64,7,98
64,42,94
49,74,89
10,56,96
9,46,1
68,27,80
84,17,91
77,43,70
36,71,44
19,91,91
7,19,56
11,83,36
46,33,60
56,97,17
20,16,99
98,70,11
72,68,100
50,37,27
80,72,3
99,75,45
5,7,82
14,11,7
16,98,18
2,61,7
66,44,34
4,78,0
6,22,5
78,31,17
80,49,75
5,55,36
62,7,39
96,63,50
12,73,20
52,72,75
44,36,5
25,61,76
97,72,88
40,82,98
38,22,60
20,9,62
93,59,2
46,31,28
43,18,84
71,37,4
70,4,33
19,25,36
24,91,16
36,48,33
20,53,89
60,31,90
9,22,98
41,60,15
28,9,91
80,55,84
75,68,2
62,100,40
41,42,19
55,66,25
59,29,26
22,48,99
64,34,92
62,28,35
86,12,31
56,37,57
67,55,10
16,44,65
15,68,12
58,70,98
49,80,54
17,81,84
18,3,59
83,83,58
88,34,73
79,14,66
42,55,69
53,11,49
13,91,60
63,83,80
95,99,44
28,78,76
44,3,41
76,37,58
24,53,43
59,69,49
24,1,70
76,96,5
72,82,26
30,16,64
1,7,9
8,33,40
21,16,33
27,80,42
42,42,84
78,82,36
22,6,29
54,70,51
66,26,31
7,1,6
55,49,43
32,43,72
26,41,8
44,88,56
8,5,32
60,41,6
64,85,53
100,99,57
11,99,1
72,69,100
52,94,25
99,93,64
67,88,13
93,1,4
79,79,0
27,67,82
94,9,51
18,4,37
22,9,77
46,60,45
55,10,34
37,71,82
95,69,59
68,17,14
52,62,50
5,79,23
54,54,9
77,3,33
57,91,99
56,100,100
10,46,63
81,69,0
78,41,60
62,76,0
31,69,3
21,73,81
99,24,36
51,75,52
21,12,45
73,93,96
86,46,27
70,47,41
63,18,74
91,90,36
15,87,37
28,12,41
3,3,97
37,51,90
32,69,70
43,21,53
22,44,43
51,78,44
87,44,66
35,53,97
42,6,55
67,54,44
41,80,46
2,33,7
18,17,15
97,68,13
54,8,33
28,92,57
75,52,9
71,5,93
2,98,28
54,75,92
21,37,2
78,76,73
79,34,79
41,43,99
7,11,87
39,66,45
88,9,27
23,60,2
64,53,42
46,38,94
54,53,64
90,93,37
96,75,35
71,79,0
43,84,3
69,13,78
36,100,34
78,84,45
41,64,20
70,42,5
23,93,97
61,52,65
95,69,28
34,70,46
69,11,42
14,10,79
17,22,80
2,13,62
13,76,74
23,11,100
28,13,71
28,3,8
97,25,30
96,32,77
54,20,37
26,61,39
100,28,15
52,2,50
74,18,84
21,79,75
81,73,7
99,34,4
83,4,50
20,45,96
80,80,100
70,5,58
56,66,15
85,8,17
88,4,79
33,0,6
79,62,25
46,4,82
73,0,99
32,90,58
73,27,7
70,92,73
96,91,61
89,16,14
73,90,33
53,57,79
13,93,93
41,78,9
76,52,77
41,27,85
7,75,1
43,90,68
36,11,6
1,95,73
64,32,17
41,23,75
53,46,19
58,84,66
16,45,22
68,61,89
99,9,46
20,29,45
13,91,53
5,0,74
91,59,66
69,9,66
71,59,93
13,46,7
35,86,27
8,59,70
58,23,95
37,100,98
10,30,90
92,13,59
90,3,86
28,20,83
8,50,75
70,15,13
64,69,7
57,26,58
9,61,48
49,18,85
52,42,7
61,57,35
64,17,24
43,59,73
37,59,36
78,40,98
10,35,78
8,36,61
91,31,97
45,49,35
28,48,11
43,50,95
45,56,12
51,92,35
37,35,29
77,73,83
60,37,8
41,13,75
15,62,44
15,75,66
55,10,21
5,87,41
29,83,16
60,98,47
80,34,44
80,84,26
57,60,89
25,78,42
24,2,19
2,79,91
52,74,32
55,79,80
57,31,3
14,36,2
82,32,73
17,49,62
74,91,2
99,68,72
14,17,95
92,7,18
85,25,89
48,55,57
74,30,85
84,100,11
2,46,32
18,33,57
22,94,51
2,70,6
97,25,87
46,55,20
86,35,74
85,18,44
6,49,44
26,28,0
38,83,25
17,19,32
50,66,64
42,73,38
82,84,41
94,38,85
79,41,7
86,26,95
73,88,96
97,44,64
93,34,54
14,89,60
3,26,69
32,34,80
41,9,62
74,67,20
46,60,94
92,79,76
91,13,7
54,76,89
66,39,34
37,51,34
92,70,26
92,57,58
90,70,40
5,48,25
59,35,88
50,86,92
88,87,96
54,84,42
0,68,14
88,18,49
91,63,73
25,26,85
7,69,16
0,66,70
37,87,6
81,13,4
29,0,6
42,16,58
53,98,11
9,24,84
51,46,80
32,14,24
20,10,42
52,100,80
33,82,59
78,33,52
62,70,42
38,32,41
52,39,68
52,76,94
18,61,67
5,34,49
37,26,5
29,17,24
90,33,76
17,69,94
74,95,69
1,35,54
65,58,31
32,12,76
50,83,62
44,35,71
86,28,88
49,42,33
7,43,4
85,64,25
30,58,31
43,65,71
95,95,100
48,77,97
13,28,75
41,27,91
25,70,12
27,83,77
24,88,99
0,87,77
32,60,63
81,80,78
64,44,12
46,3,1
58,50,20
87,36,69
91,82,14
62,78,38
47,85,98
100,26,60
6,92,45
16,23,16
64,68,14
66,58,77
89,6,99
92,18,98
50,5,59
32,43,32
58,52,66
26,5,97
87,66,55
34,12,65
76,82,14
39,96,19
70,57,88
53,72,75
81,60,79
95,1,75
97,86,1
48,54,24
46,81,72
68,59,26
15,95,72
67,12,6
87,89,53
73,39,26
48,88,56
26,40,38
71,100,73
23,12,58
46,54,31
96,50,28
100,53,97
95,22,38
74,99,63
90,48,18
69,57,53
48,54,22
80,75,12
27,83,67
29,26,65
35,62,14
2,6,40
55,68,4
14,71,13
60,72,29
95,55,38
1,22,46
79,19,87
99,60,41
75,14,29
50,49,53
13,36,99
43,83,13
22,27,18
55,68,86
12,57,13
11,90,56
25,30,89
0,2,82
41,5,53
4,50,78
43,84,87
95,45,61
40,73,20
80,49,94
23,36,89
90,25,76
66,68,98
25,74,24
37,21,68
25,68,59
57,93,65
98,61,65
80,95,77
32,25,76
14,55,18
43,80,79
86,99,47
22,46,6
29,99,20
19,69,82
60,7,17
42,81,89
44,42,72
83,96,21
9,54,69
48,14,0
44,52,99
65,77,30
98,99,47
48,9,92
39,69,25
46,5,90
68,26,73
25,34,64
32,91,42
11,6,49
26,7,15
89,20,96
47,44,79
85,76,49
59,48,100
57,27,6
12,61,42
42,66,30
44,74,9
15,38,42
49,32,48
48,5,91
92,11,30
0,40,13
0,32,17
29,10,97
24,55,96
67,65,92
92,2,25
61,27,17
78,38,7
41,56,78
57,45,31
45,35,39
41,21,86
59,98,51
42,63,47
27,54,23
77,54,0
38,41,26
63,96,63
46,90,17
73,28,20
59,6,36
25,2,51
75,29,92
45,86,15
14,82,35
14,29,76
53,38,55
57,35,22
45,11,84
13,48,78
54,35,98
28,62,18
48,59,93
91,29,46
52,19,26
36,80,77
25,37,27
3,91,8
56,39,10
35,15,41
70,33,47
7,46,70
9,41,66
91,82,91
17,56,53
57,38,23
5,89,88
5,32,74
81,51,91
100,2,18
84,74,95
16,61,15
55,20,17
84,14,24
75,43,45
99,80,93
77,22,92
3,97,15
55,76,36
50,48,63
96,36,78
15,42,90
19,100,51
20,16,2
12,87,0
93,6,28
23,28,14
87,43,81
66,60,96
12,76,2
